{
  "deviceId": 70,
  "exportedAt": "2026-01-27T07:56:23.666Z",
  "models": {
    "statistical": "included",
    "isolationForest": "trained"
  },
  "data": {
    "statistical": {
      "deviceId": 70,
      "trafficMean": 2001.1031250000008,
      "trafficStdDev": 2383.8943646037233,
      "trafficMin": 90,
      "trafficMax": 12064,
      "trafficSamples": 960,
      "hourlyMeans": [
        0,
        0,
        0,
        0,
        0,
        0,
        0,
        0,
        0,
        0,
        0,
        0,
        2053.888421052631,
        1949.4061855670116,
        0,
        0,
        0,
        0,
        0,
        0,
        0,
        0,
        0,
        0
      ],
      "hourlyStdDevs": [
        0,
        0,
        0,
        0,
        0,
        0,
        0,
        0,
        0,
        0,
        0,
        0,
        2261.125467714539,
        2604.083940925647,
        0,
        0,
        0,
        0,
        0,
        0,
        0,
        0,
        0,
        0
      ],
      "hourlySamples": [
        0,
        0,
        0,
        0,
        0,
        0,
        0,
        0,
        0,
        0,
        0,
        0,
        475,
        485,
        0,
        0,
        0,
        0,
        0,
        0,
        0,
        0,
        0,
        0
      ],
      "protocolDistribution": {
        "http": 799,
        "ntp": 48,
        "mqtt": 96,
        "dns": 1,
        "tcp/8123": 16
      },
      "knownDestinations": [
        "192.168.50.1",
        "142.93.213.206",
        "162.159.200.123",
        "95.216.144.226",
        "192.46.211.253",
        "139.84.142.141",
        "162.159.200.1",
        "95.216.192.15",
        "172.235.18.237",
        "217.217.249.232",
        "192.168.31.5",
        "148.113.16.33"
      ],
      "destinationFrequency": {
        "192.168.50.1": 896,
        "142.93.213.206": 4,
        "162.159.200.123": 14,
        "95.216.144.226": 2,
        "192.46.211.253": 4,
        "139.84.142.141": 7,
        "162.159.200.1": 8,
        "95.216.192.15": 2,
        "172.235.18.237": 4,
        "217.217.249.232": 2,
        "192.168.31.5": 16,
        "148.113.16.33": 1
      },
      "connectionMean": 0,
      "connectionStdDev": 0
    },
    "isolationForest": {
      "trained": true,
      "numTrees": 100
    }
  }
}