{
  "deviceId": 81,
  "trafficMean": 449259.6364932288,
  "trafficStdDev": 14527220.090273315,
  "trafficMin": 54,
  "trafficMax": 504283684,
  "trafficSamples": 1403,
  "hourlyMeans": [
    0,
    0,
    0,
    0,
    0,
    0,
    0,
    0,
    0,
    0,
    0,
    0,
    0,
    0,
    0,
    0,
    0,
    0,
    0,
    0,
    0,
    4452.348336594912,
    704076.3677130048,
    0
  ],
  "hourlyStdDevs": [
    0,
    0,
    0,
    0,
    0,
    0,
    0,
    0,
    0,
    0,
    0,
    0,
    0,
    0,
    0,
    0,
    0,
    0,
    0,
    0,
    0,
    18230.369302088413,
    19142480.560561974,
    0
  ],
  "hourlySamples": [
    0,
    0,
    0,
    0,
    0,
    0,
    0,
    0,
    0,
    0,
    0,
    0,
    0,
    0,
    0,
    0,
    0,
    0,
    0,
    0,
    0,
    511,
    892,
    0
  ],
  "protocolDistribution": {
    "dns": 1075,
    "ntp": 1,
    "tls": 196,
    "http": 4,
    "quic": 98,
    "xmpp": 2,
    "https": 16,
    "udp/5353": 8,
    "udp/4500": 1,
    "tcp/853": 2
  },
  "knownDestinations": [
    "104.18.21.71",
    "192.168.50.1",
    "18.214.30.170",
    "47.237.95.179",
    "142.250.206.74",
    "34.204.231.23",
    "3.225.41.63",
    "47.237.95.131",
    "57.144.56.141",
    "216.239.38.223",
    "142.250.77.100",
    "3.91.167.149",
    "52.204.74.207",
    "44.196.68.31",
    "44.215.223.155",
    "34.198.24.38",
    "172.217.24.206",
    "142.251.223.238",
    "161.117.125.182",
    "142.251.43.42",
    "54.85.163.120",
    "54.90.88.152",
    "54.224.131.131",
    "3.89.46.248",
    "44.209.63.255",
    "142.250.66.14",
    "224.0.0.251",
    "192.168.50.255",
    "43.252.92.205",
    "142.250.206.10",
    "142.251.223.1",
    "57.144.214.144",
    "202.88.230.190",
    "172.217.24.3",
    "49.45.64.214",
    "103.160.195.234",
    "113.192.4.10",
    "57.144.57.33",
    "43.252.92.207",
    "43.252.92.13",
    "202.88.224.76",
    "43.252.92.16",
    "43.252.92.206",
    "43.252.92.208",
    "142.250.207.67",
    "202.88.224.77",
    "74.125.200.119",
    "43.252.92.12",
    "74.125.68.132",
    "43.252.92.15",
    "142.250.77.142",
    "142.251.12.113",
    "142.250.67.35",
    "57.144.56.128",
    "142.251.221.147",
    "64.233.170.101",
    "172.253.118.84",
    "142.251.43.46",
    "108.159.15.123",
    "108.158.251.57",
    "23.3.70.80",
    "172.217.24.138",
    "142.251.223.234",
    "142.250.183.170",
    "142.251.43.202",
    "142.251.43.74",
    "142.250.67.37",
    "172.217.24.170",
    "142.251.222.132",
    "142.251.223.14",
    "142.251.223.10",
    "57.144.54.141",
    "57.144.54.8",
    "142.251.220.110",
    "172.217.24.110",
    "104.46.162.225",
    "146.75.117.155",
    "151.101.37.155",
    "199.232.169.155",
    "3.163.238.4",
    "91.108.56.126",
    "216.239.36.223",
    "23.11.215.138",
    "23.11.215.218",
    "142.251.222.138",
    "142.251.150.119",
    "142.250.205.10",
    "35.241.16.93",
    "15.206.232.201",
    "142.251.222.174",
    "34.120.159.232",
    "142.251.43.206",
    "13.233.249.99",
    "34.160.81.0",
    "34.36.137.203",
    "142.251.223.170",
    "20.189.173.9",
    "185.199.111.153",
    "142.250.205.67",
    "216.239.32.223",
    "142.250.67.42",
    "163.53.76.64",
    "34.107.221.82",
    "151.101.193.91",
    "104.21.4.59",
    "151.101.129.91",
    "34.117.64.196",
    "34.160.144.191",
    "202.88.226.97",
    "57.144.56.36",
    "151.101.3.52",
    "57.144.56.196",
    "57.144.56.144",
    "150.171.22.12",
    "57.144.54.192",
    "57.144.56.192",
    "20.42.65.90",
    "142.251.43.132",
    "104.18.35.183",
    "35.190.43.134",
    "185.60.218.34",
    "142.250.77.110",
    "172.67.154.9",
    "142.250.206.3",
    "13.205.6.147",
    "104.26.11.85",
    "142.251.221.196",
    "20.42.73.26",
    "172.235.18.237",
    "74.125.68.138",
    "216.239.34.223",
    "57.144.212.141",
    "57.144.212.192",
    "57.144.125.33",
    "20.195.65.193",
    "203.88.11.33",
    "57.144.212.196",
    "57.144.213.32",
    "64.233.170.188",
    "34.117.245.175",
    "57.144.212.3",
    "142.251.221.174",
    "18.161.246.119",
    "142.250.206.36",
    "104.18.32.42"
  ],
  "destinationFrequency": {
    "23.3.70.80": 1,
    "104.21.4.59": 1,
    "20.42.65.90": 1,
    "20.42.73.26": 1,
    "224.0.0.251": 3,
    "3.163.238.4": 4,
    "3.225.41.63": 1,
    "3.89.46.248": 1,
    "34.160.81.0": 3,
    "57.144.54.8": 1,
    "104.18.21.71": 42,
    "104.26.11.85": 1,
    "113.192.4.10": 1,
    "13.205.6.147": 1,
    "151.101.3.52": 1,
    "163.53.76.64": 1,
    "172.217.24.3": 2,
    "172.67.154.9": 2,
    "192.168.50.1": 1077,
    "20.189.173.9": 1,
    "3.91.167.149": 1,
    "34.198.24.38": 10,
    "35.241.16.93": 3,
    "43.252.92.12": 1,
    "43.252.92.13": 1,
    "43.252.92.15": 1,
    "43.252.92.16": 1,
    "44.196.68.31": 1,
    "49.45.64.214": 1,
    "54.90.88.152": 1,
    "57.144.56.36": 1,
    "57.144.57.33": 3,
    "104.18.35.183": 1,
    "13.233.249.99": 1,
    "142.250.206.3": 2,
    "142.250.66.14": 1,
    "142.250.67.35": 1,
    "142.250.67.37": 1,
    "142.250.67.42": 1,
    "142.251.223.1": 4,
    "142.251.43.42": 1,
    "142.251.43.46": 1,
    "142.251.43.74": 3,
    "150.171.22.12": 3,
    "18.214.30.170": 6,
    "185.60.218.34": 1,
    "202.88.224.76": 1,
    "202.88.224.77": 1,
    "202.88.226.97": 1,
    "23.11.215.138": 1,
    "23.11.215.218": 1,
    "34.107.221.82": 2,
    "34.117.64.196": 1,
    "34.204.231.23": 11,
    "34.36.137.203": 3,
    "35.190.43.134": 2,
    "43.252.92.205": 2,
    "43.252.92.206": 1,
    "43.252.92.207": 1,
    "43.252.92.208": 1,
    "44.209.63.255": 1,
    "47.237.95.131": 4,
    "47.237.95.179": 4,
    "52.204.74.207": 2,
    "54.85.163.120": 7,
    "57.144.54.141": 1,
    "57.144.54.192": 1,
    "57.144.56.128": 1,
    "57.144.56.141": 8,
    "57.144.56.144": 1,
    "57.144.56.192": 3,
    "57.144.56.196": 5,
    "74.125.68.132": 1,
    "91.108.56.126": 1,
    "104.46.162.225": 1,
    "108.158.251.57": 1,
    "108.159.15.123": 1,
    "142.250.205.10": 2,
    "142.250.205.67": 6,
    "142.250.206.10": 3,
    "142.250.206.74": 2,
    "142.250.207.67": 2,
    "142.250.77.100": 6,
    "142.250.77.110": 1,
    "142.250.77.142": 1,
    "142.251.12.113": 1,
    "142.251.223.10": 1,
    "142.251.223.14": 2,
    "142.251.43.132": 1,
    "142.251.43.202": 1,
    "142.251.43.206": 1,
    "146.75.117.155": 1,
    "15.206.232.201": 1,
    "151.101.129.91": 1,
    "151.101.193.91": 1,
    "151.101.37.155": 2,
    "172.217.24.110": 6,
    "172.217.24.138": 1,
    "172.217.24.170": 1,
    "172.217.24.206": 2,
    "172.235.18.237": 1,
    "172.253.118.84": 1,
    "192.168.50.255": 5,
    "202.88.230.190": 3,
    "216.239.32.223": 9,
    "216.239.36.223": 1,
    "216.239.38.223": 3,
    "34.120.159.232": 1,
    "34.160.144.191": 1,
    "44.215.223.155": 1,
    "54.224.131.131": 4,
    "57.144.214.144": 1,
    "64.233.170.101": 1,
    "74.125.200.119": 1,
    "103.160.195.234": 1,
    "142.250.183.170": 2,
    "142.251.150.119": 1,
    "142.251.220.110": 2,
    "142.251.221.147": 1,
    "142.251.221.196": 1,
    "142.251.222.132": 1,
    "142.251.222.138": 1,
    "142.251.222.174": 1,
    "142.251.223.170": 1,
    "142.251.223.234": 1,
    "142.251.223.238": 5,
    "161.117.125.182": 1,
    "185.199.111.153": 2,
    "199.232.169.155": 2,
    "74.125.68.138": 1,
    "216.239.34.223": 6,
    "57.144.212.141": 1,
    "57.144.212.192": 2,
    "57.144.125.33": 1,
    "20.195.65.193": 2,
    "203.88.11.33": 1,
    "57.144.212.196": 2,
    "57.144.213.32": 1,
    "64.233.170.188": 2,
    "34.117.245.175": 1,
    "57.144.212.3": 1,
    "142.251.221.174": 2,
    "18.161.246.119": 5,
    "142.250.206.36": 1,
    "104.18.32.42": 2
  },
  "connectionMean": 0,
  "connectionStdDev": 0
}