{
  "deviceId": 70,
  "exportedAt": "2026-02-03T16:53:19.673Z",
  "models": {
    "statistical": "included",
    "isolationForest": "trained"
  },
  "data": {
    "statistical": {
      "deviceId": 70,
      "trafficMean": 1981.014425314101,
      "trafficStdDev": 2516.4934995057984,
      "trafficMin": 90,
      "trafficMax": 12064,
      "trafficSamples": 2149,
      "hourlyMeans": [
        0,
        0,
        0,
        0,
        0,
        0,
        0,
        0,
        0,
        0,
        0,
        0,
        2053.888421052631,
        1949.4061855670116,
        0,
        0,
        0,
        0,
        0,
        0,
        0,
        1937.11229946524,
        2011.7482993197275,
        0
      ],
      "hourlyStdDevs": [
        0,
        0,
        0,
        0,
        0,
        0,
        0,
        0,
        0,
        0,
        0,
        0,
        2261.125467714539,
        2604.083940925647,
        0,
        0,
        0,
        0,
        0,
        0,
        0,
        2120.875617296587,
        2011.0559169635708,
        0
      ],
      "hourlySamples": [
        0,
        0,
        0,
        0,
        0,
        0,
        0,
        0,
        0,
        0,
        0,
        0,
        475,
        485,
        0,
        0,
        0,
        0,
        0,
        0,
        0,
        748,
        441,
        0
      ],
      "protocolDistribution": {
        "dns": 3,
        "ntp": 108,
        "http": 1787,
        "mqtt": 217,
        "tcp/8123": 16,
        "ssh": 2,
        "telnet": 2,
        "http-alt": 2,
        "ftp": 2,
        "smb": 2,
        "smtp": 2,
        "mysql": 2,
        "https": 2,
        "rdp": 2
      },
      "knownDestinations": [
        "192.168.50.1",
        "142.93.213.206",
        "162.159.200.123",
        "95.216.144.226",
        "192.46.211.253",
        "139.84.142.141",
        "162.159.200.1",
        "95.216.192.15",
        "172.235.18.237",
        "217.217.249.232",
        "192.168.31.5",
        "148.113.16.33",
        "185.220.101.42",
        "192.46.210.39",
        "192.46.215.60",
        "40.81.94.65",
        "172.236.180.15",
        "172.105.60.167",
        "14.139.60.103",
        "13.200.20.166"
      ],
      "destinationFrequency": {
        "192.168.31.5": 16,
        "192.168.50.1": 2023,
        "148.113.16.33": 1,
        "162.159.200.1": 19,
        "95.216.192.15": 11,
        "139.84.142.141": 7,
        "142.93.213.206": 9,
        "172.235.18.237": 13,
        "192.46.211.253": 5,
        "95.216.144.226": 4,
        "162.159.200.123": 23,
        "217.217.249.232": 2,
        "185.220.101.42": 2,
        "192.46.210.39": 3,
        "192.46.215.60": 3,
        "40.81.94.65": 1,
        "172.236.180.15": 4,
        "172.105.60.167": 1,
        "14.139.60.103": 1,
        "13.200.20.166": 1
      },
      "connectionMean": 0,
      "connectionStdDev": 0
    },
    "isolationForest": {
      "trained": true,
      "numTrees": 100
    }
  }
}