{
  "deviceId": 70,
  "trafficMean": 2009.3208751139446,
  "trafficStdDev": 2172.4567766590076,
  "trafficMin": 90,
  "trafficMax": 3174,
  "trafficSamples": 1097,
  "hourlyMeans": [
    0,
    0,
    0,
    0,
    0,
    0,
    0,
    0,
    0,
    0,
    0,
    0,
    0,
    0,
    0,
    0,
    0,
    0,
    0,
    0,
    0,
    2018.7061068702283,
    2002.194107452341,
    0
  ],
  "hourlyStdDevs": [
    0,
    0,
    0,
    0,
    0,
    0,
    0,
    0,
    0,
    0,
    0,
    0,
    0,
    0,
    0,
    0,
    0,
    0,
    0,
    0,
    0,
    2037.9997638190805,
    1988.8253238534737,
    0
  ],
  "hourlySamples": [
    0,
    0,
    0,
    0,
    0,
    0,
    0,
    0,
    0,
    0,
    0,
    0,
    0,
    0,
    0,
    0,
    0,
    0,
    0,
    0,
    0,
    524,
    577,
    0
  ],
  "protocolDistribution": {
    "http": 926,
    "mqtt": 116,
    "ntp": 55
  },
  "knownDestinations": [
    "192.168.50.1",
    "162.159.200.1",
    "172.235.18.237",
    "162.159.200.123",
    "86.107.100.245",
    "95.216.144.226",
    "192.46.215.60",
    "139.84.142.141",
    "95.216.192.15",
    "142.93.213.206",
    "172.236.180.15",
    "192.46.211.253"
  ],
  "destinationFrequency": {
    "192.168.50.1": 1042,
    "162.159.200.1": 13,
    "172.235.18.237": 10,
    "162.159.200.123": 9,
    "86.107.100.245": 2,
    "95.216.144.226": 2,
    "192.46.215.60": 3,
    "139.84.142.141": 5,
    "95.216.192.15": 4,
    "142.93.213.206": 3,
    "172.236.180.15": 2,
    "192.46.211.253": 2
  },
  "connectionMean": 0,
  "connectionStdDev": 0
}