{
  "deviceId": 84,
  "trafficMean": 53917.73595505619,
  "trafficStdDev": 558959.8364098548,
  "trafficMin": 119,
  "trafficMax": 5347108,
  "trafficSamples": 178,
  "hourlyMeans": [
    27612.70588235294,
    214904.52,
    0,
    0,
    0,
    0,
    0,
    0,
    0,
    0,
    0,
    0,
    0,
    0,
    0,
    0,
    0,
    0,
    0,
    0,
    0,
    0,
    0,
    0
  ],
  "hourlyStdDevs": [
    390197.19452673674,
    1092173.434771571,
    0,
    0,
    0,
    0,
    0,
    0,
    0,
    0,
    0,
    0,
    0,
    0,
    0,
    0,
    0,
    0,
    0,
    0,
    0,
    0,
    0,
    0
  ],
  "hourlySamples": [
    153,
    25,
    0,
    0,
    0,
    0,
    0,
    0,
    0,
    0,
    0,
    0,
    0,
    0,
    0,
    0,
    0,
    0,
    0,
    0,
    0,
    0,
    0,
    0
  ],
  "protocolDistribution": {
    "http": 68,
    "tcp/7844": 74,
    "udp/5353": 2,
    "udp/1900": 22,
    "udp/5355": 10,
    "tcp/5000": 1,
    "ssh": 1
  },
  "knownDestinations": [
    "192.168.31.217",
    "198.41.200.193",
    "224.0.0.251",
    "239.255.255.250",
    "198.41.200.53",
    "198.41.200.43",
    "198.41.192.67",
    "198.41.200.233",
    "198.41.200.23",
    "198.41.192.37",
    "198.41.200.33",
    "198.41.192.57",
    "198.41.192.107",
    "224.0.0.252",
    "198.41.200.113",
    "198.41.200.13",
    "198.41.192.227",
    "198.41.192.47",
    "198.41.192.27",
    "198.41.200.63",
    "198.41.200.73",
    "198.41.192.77"
  ],
  "destinationFrequency": {
    "192.168.31.217": 70,
    "198.41.200.193": 5,
    "224.0.0.251": 2,
    "239.255.255.250": 22,
    "198.41.200.53": 2,
    "198.41.200.43": 4,
    "198.41.192.67": 3,
    "198.41.200.233": 6,
    "198.41.200.23": 3,
    "198.41.192.37": 8,
    "198.41.200.33": 11,
    "198.41.192.57": 2,
    "198.41.192.107": 10,
    "224.0.0.252": 10,
    "198.41.200.113": 4,
    "198.41.200.13": 3,
    "198.41.192.227": 2,
    "198.41.192.47": 2,
    "198.41.192.27": 2,
    "198.41.200.63": 1,
    "198.41.200.73": 4,
    "198.41.192.77": 2
  },
  "connectionMean": 0,
  "connectionStdDev": 0
}