{
  "deviceId": 81,
  "trafficMean": 283090.69592476485,
  "trafficStdDev": 3206731.8960705395,
  "trafficMin": 66,
  "trafficMax": 19726821,
  "trafficSamples": 319,
  "hourlyMeans": [
    0,
    0,
    0,
    0,
    0,
    0,
    0,
    0,
    0,
    0,
    0,
    0,
    0,
    0,
    0,
    0,
    0,
    0,
    0,
    0,
    0,
    0,
    0,
    283090.69592476485
  ],
  "hourlyStdDevs": [
    0,
    0,
    0,
    0,
    0,
    0,
    0,
    0,
    0,
    0,
    0,
    0,
    0,
    0,
    0,
    0,
    0,
    0,
    0,
    0,
    0,
    0,
    0,
    3206731.8960705395
  ],
  "hourlySamples": [
    0,
    0,
    0,
    0,
    0,
    0,
    0,
    0,
    0,
    0,
    0,
    0,
    0,
    0,
    0,
    0,
    0,
    0,
    0,
    0,
    0,
    0,
    0,
    319
  ],
  "protocolDistribution": {
    "dns": 185,
    "http": 2,
    "tls": 83,
    "udp/1900": 5,
    "https": 8,
    "quic": 35,
    "xmpp": 1
  },
  "knownDestinations": [
    "192.168.50.1",
    "34.104.35.123",
    "98.86.49.40",
    "103.160.195.234",
    "23.43.115.139",
    "142.251.43.67",
    "108.158.251.57",
    "108.159.15.20",
    "113.192.4.10",
    "49.45.64.214",
    "112.196.178.246",
    "112.79.41.12",
    "103.94.136.50",
    "151.101.66.219",
    "14.142.20.36",
    "104.17.148.22",
    "202.88.230.190",
    "103.163.112.249",
    "23.3.70.80",
    "112.133.214.157",
    "239.255.255.250",
    "216.239.34.223",
    "104.18.35.183",
    "57.144.56.141",
    "13.226.2.114",
    "216.239.36.158",
    "34.160.81.0",
    "216.239.36.223",
    "52.182.141.63",
    "142.251.43.42",
    "74.125.24.113",
    "8.8.8.8",
    "142.250.205.78",
    "142.251.223.14",
    "142.251.12.84",
    "142.251.223.234",
    "23.11.215.218",
    "57.144.124.5",
    "163.53.76.64",
    "104.21.46.103",
    "216.239.32.223",
    "108.158.251.126",
    "57.144.214.144",
    "150.171.22.12",
    "142.251.12.132",
    "104.46.162.226",
    "142.250.183.170",
    "142.251.43.35",
    "57.144.42.36",
    "43.252.92.13",
    "43.252.92.16",
    "142.251.12.102",
    "142.251.10.119",
    "74.125.24.132",
    "43.252.92.205",
    "43.252.92.207",
    "23.11.215.138",
    "202.88.226.43",
    "142.250.67.42",
    "3.163.238.4",
    "142.251.222.202",
    "142.251.223.10",
    "142.250.205.74",
    "172.217.24.138",
    "142.251.222.196",
    "20.50.80.214",
    "3.110.7.191",
    "142.251.220.110",
    "104.17.75.195",
    "18.161.232.68",
    "103.243.32.43",
    "108.159.5.108",
    "74.125.130.113",
    "18.161.245.77",
    "17.253.61.151",
    "23.61.112.29",
    "202.88.226.8"
  ],
  "destinationFrequency": {
    "192.168.50.1": 185,
    "34.104.35.123": 1,
    "98.86.49.40": 1,
    "103.160.195.234": 1,
    "23.43.115.139": 1,
    "142.251.43.67": 2,
    "108.158.251.57": 1,
    "108.159.15.20": 2,
    "113.192.4.10": 2,
    "49.45.64.214": 1,
    "112.196.178.246": 1,
    "112.79.41.12": 1,
    "103.94.136.50": 1,
    "151.101.66.219": 3,
    "14.142.20.36": 2,
    "104.17.148.22": 2,
    "202.88.230.190": 4,
    "103.163.112.249": 2,
    "23.3.70.80": 3,
    "112.133.214.157": 1,
    "239.255.255.250": 5,
    "216.239.34.223": 4,
    "104.18.35.183": 1,
    "57.144.56.141": 4,
    "13.226.2.114": 1,
    "216.239.36.158": 2,
    "34.160.81.0": 3,
    "216.239.36.223": 2,
    "52.182.141.63": 1,
    "142.251.43.42": 2,
    "74.125.24.113": 1,
    "8.8.8.8": 1,
    "142.250.205.78": 3,
    "142.251.223.14": 2,
    "142.251.12.84": 1,
    "142.251.223.234": 2,
    "23.11.215.218": 3,
    "57.144.124.5": 1,
    "163.53.76.64": 8,
    "104.21.46.103": 1,
    "216.239.32.223": 2,
    "108.158.251.126": 2,
    "57.144.214.144": 1,
    "150.171.22.12": 2,
    "142.251.12.132": 5,
    "104.46.162.226": 1,
    "142.250.183.170": 1,
    "142.251.43.35": 1,
    "57.144.42.36": 1,
    "43.252.92.13": 1,
    "43.252.92.16": 1,
    "142.251.12.102": 1,
    "142.251.10.119": 1,
    "74.125.24.132": 1,
    "43.252.92.205": 1,
    "43.252.92.207": 1,
    "23.11.215.138": 1,
    "202.88.226.43": 1,
    "142.250.67.42": 1,
    "3.163.238.4": 1,
    "142.251.222.202": 9,
    "142.251.223.10": 1,
    "142.250.205.74": 1,
    "172.217.24.138": 1,
    "142.251.222.196": 1,
    "20.50.80.214": 1,
    "3.110.7.191": 1,
    "142.251.220.110": 1,
    "104.17.75.195": 1,
    "18.161.232.68": 1,
    "103.243.32.43": 2,
    "108.159.5.108": 1,
    "74.125.130.113": 2,
    "18.161.245.77": 1,
    "17.253.61.151": 1,
    "23.61.112.29": 1,
    "202.88.226.8": 1
  },
  "connectionMean": 0,
  "connectionStdDev": 0
}